coil_no,scenario
C260100000,
C260100001,
C260100002,
C260100003,
C260100004,
C260100005,
C260100006,
C260100007,
C260100008,
C260100009,
C260100010,
C260100011,
C260100012,
C260100013,
C260100014,
C260100015,
C260100016,
C260100017,
C260100018,
C260100019,
C260100020,
C260100021,
C260100022,
C260100023,
C260100024,
C260100025,
C260100026,
C260100027,
C260100028,
C260100029,
C260100030,
C260100031,
C260100032,
C260100033,
C260100034,
C260100035,
C260100036,
C260100037,
C260100038,
C260100039,
C260100040,
C260100041,
C260100042,
C260100043,
C260100044,
C260100045,
C260100046,
C260100047,
C260100048,
C260100049,
C260100050,
C260100051,
C260100052,
C260100053,
C260100054,
C260100055,
C260100056,
C260100057,
C260100058,
C260100059,
C260100060,
C260100061,
C260100062,
C260100063,
C260100064,
C260100065,
C260100066,
C260100067,
C260100068,
C260100069,
C260100070,
C260100071,
C260100072,
C260100073,
C260100074,
C260100075,
C260100076,
C260100077,
C260100078,S5
C260100079,S5
C260100080,
C260100081,
C260100082,
C260100083,
C260100084,
C260100085,S5
C260100086,
C260100087,
C260100088,S5
C260100089,S5
C260100090,
C260100091,
C260100092,
C260100093,
C260100094,
C260100095,S5
C260100096,
C260100097,
C260100098,
C260100099,S5
C260100100,
C260100101,
C260100102,
C260100103,S5
C260100104,
C260100105,S5
C260100106,
C260100107,S5
C260100108,
C260100109,
C260100110,
C260100111,S5
C260100112,
C260100113,
C260100114,
C260100115,
C260100116,
C260100117,S5
C260100118,
C260100119,
C260100120,
C260100121,
C260100122,
C260100123,
C260100124,S5
C260100125,
C260100126,
C260100127,
C260100128,S5
C260100129,
C260100130,
C260100131,
C260100132,
C260100133,
C260100134,
C260100135,
C260100136,
C260100137,
C260100138,
C260100139,
C260100140,
C260100141,S5
C260100142,S5
C260100143,
C260100144,
C260100145,
C260100146,S5
C260100147,
C260100148,
C260100149,S5
C260100150,
C260100151,
C260100152,
C260100153,
C260100154,
C260100155,
C260100156,
C260100157,S5
C260100158,
C260100159,
C260100160,S5
C260100161,S5
C260100162,
C260100163,
C260100164,
C260100165,S5
C260100166,
C260100167,
C260100168,
C260100169,
C260100170,S5
C260100171,
C260100172,S5
C260100173,
C260100174,
C260100175,
C260100176,S5
C260100177,S5
C260100178,S5
C260100179,
C260100180,
C260100181,S5
C260100182,
C260100183,S5
C260100184,
C260100185,
C260100186,
C260100187,
C260100188,S5
C260100189,
C260100190,
C260100191,
C260100192,
C260100193,
C260100194,S5
C260100195,S5
C260100196,S5
C260100197,S5
C260100198,
C260100199,
C260100200,
C260100201,S5
C260100202,
C260100203,
C260100204,
C260100205,
C260100206,
C260100207,S5
C260100208,
C260100209,
C260100210,
C260100211,S5
C260100212,
C260100213,S5
C260100214,S5
C260100215,
C260100216,
C260100217,
C260100218,
C260100219,
C260100220,
C260100221,
C260100222,
C260100223,
C260100224,
C260100225,
C260100226,S5
C260100227,
C260100228,S5
C260100229,
C260100230,
C260100231,
C260100232,
C260100233,S5
C260100234,
C260100235,
C260100236,
C260100237,
C260100238,S5
C260100239,
C260100240,
C260100241,
C260100242,S5
C260100243,S5
C260100244,S5
C260100245,S5
C260100246,S5
C260100247,
C260100248,
C260100249,
C260100250,
C260100251,S5
C260100252,
C260100253,
C260100254,S5
C260100255,S5
C260100256,
C260100257,S5
C260100258,
C260100259,
C260100260,
C260100261,S5
C260100262,S5
C260100263,S5
C260100264,
C260100265,S5
C260100266,
C260100267,
C260100268,
C260100269,
C260100270,
C260100271,S5
C260100272,S5
C260100273,S5
C260100274,
C260100275,
C260100276,
C260100277,
C260100278,
C260100279,S5
C260100280,
C260100281,
C260100282,
C260100283,
C260100284,
C260100285,
C260100286,
C260100287,
C260100288,S5
C260100289,
C260100290,
C260100291,
C260100292,S5
C260100293,
C260100294,
C260100295,
C260100296,
C260100297,S5
C260100298,
C260100299,
C260100300,
C260100301,
C260100302,
C260100303,S5
C260100304,S5
C260100305,S5
C260100306,
C260100307,
C260100308,
C260100309,
C260100310,
C260100311,
C260100312,
C260100313,
C260100314,
C260100315,S5
C260100316,
C260100317,
C260100318,S5
C260100319,
C260100320,
C260100321,
C260100322,
C260100323,
C260100324,
C260100325,
C260100326,
C260100327,S5
C260100328,
C260100329,
C260100330,
C260100331,
C260100332,
C260100333,
C260100334,S5
C260100335,
C260100336,
C260100337,S5
C260100338,S5
C260100339,S5
C260100340,S5
C260100341,
C260100342,
C260100343,
C260100344,
C260100345,
C260100346,
C260100347,
C260100348,
C260100349,
C260100350,
C260100351,
C260100352,
C260100353,
C260100354,
C260100355,
C260100356,
C260100357,
C260100358,
C260100359,
C260100360,S5
C260100361,
C260100362,
C260100363,
C260100364,S5
C260100365,S5
C260100366,
C260100367,
C260100368,
C260100369,
C260100370,
C260100371,
C260100372,S5
C260100373,
C260100374,
C260100375,
C260100376,
C260100377,S5
C260100378,
C260100379,
C260100380,
C260100381,S5
C260100382,
C260100383,
C260100384,S5
C260100385,
C260100386,S5
C260100387,
C260100388,
C260100389,
C260100390,
C260100391,
C260100392,
C260100393,
C260100394,
C260100395,
C260100396,
C260100397,S5
C260100398,
C260100399,
C260100400,
C260100401,S5
C260100402,
C260100403,
C260100404,S5
C260100405,S5
C260100406,S5
C260100407,
C260100408,
C260100409,
C260100410,
C260100411,
C260100412,
C260100413,S5
C260100414,
C260100415,
C260100416,
C260100417,
C260100418,
C260100419,S5
C260100420,
C260100421,
C260100422,
C260100423,
C260100424,
C260100425,
C260100426,
C260100427,S5
C260100428,
C260100429,S5
C260100430,
C260100431,S5
C260100432,
C260100433,S5
C260100434,
C260100435,
C260100436,
C260100437,
C260100438,S5
C260100439,
C260100440,
C260100441,
C260100442,S5
C260100443,S5
C260100444,
C260100445,
C260100446,
C260100447,
C260100448,S5
C260100449,
C260100450,S5
C260100451,S5
C260100452,S5
C260100453,
C260100454,
C260100455,
C260100456,
C260100457,
C260100458,
C260100459,
C260100460,
C260100461,S5
C260100462,S5
C260100463,S5
C260100464,S5
C260100465,S5
C260100466,S5
C260100467,
C260100468,
C260100469,
C260100470,
C260100471,S5
C260100472,
C260100473,
C260100474,
C260100475,
C260100476,
C260100477,
C260100478,
C260100479,
C260100480,
C260100481,S5
C260100482,
C260100483,S5
C260100484,
C260100485,
C260100486,
C260100487,
C260100488,
C260100489,
C260100490,S5
C260100491,
C260100492,
C260100493,
C260100494,S5
C260100495,
C260100496,
C260100497,
C260100498,S5
C260100499,
C260100500,
C260100501,
C260100502,
C260100503,
C260100504,
C260100505,
C260100506,
C260100507,
C260100508,
C260100509,
C260100510,
C260100511,
C260100512,S5
C260100513,
C260100514,
C260100515,
C260100516,
C260100517,S5
C260100518,
C260100519,
C260100520,
C260100521,
C260100522,S5
C260100523,
C260100524,
C260100525,
C260100526,
C260100527,S5
C260100528,
C260100529,
C260100530,
C260100531,
C260100532,
C260100533,
C260100534,
C260100535,
C260100536,
C260100537,S5
C260100538,
C260100539,S5
C260100540,
C260100541,
C260100542,
C260100543,S5
C260100544,
C260100545,
C260100546,
C260100547,S5
C260100548,
C260100549,S5
C260100550,
C260100551,
C260100552,
C260100553,
C260100554,
C260100555,S5
C260100556,S5
C260100557,
C260100558,
C260100559,
C260100560,S5
C260100561,
C260100562,
C260100563,
C260100564,
C260100565,
C260100566,
C260100567,
C260100568,
C260100569,
C260100570,S5
C260100571,
C260100572,
C260100573,
C260100574,
C260100575,
C260100576,
C260100577,
C260100578,
C260100579,S5
C260100580,
C260100581,
C260100582,
C260100583,
C260100584,
C260100585,
C260100586,
C260100587,S5
C260100588,S5
C260100589,
C260100590,
C260100591,
C260100592,S5
C260100593,S5
C260100594,
C260100595,
C260100596,
C260100597,
C260100598,
C260100599,
C260100600,S5
C260100601,S5
C260100602,
C260100603,
C260100604,
C260100605,S5
C260100606,
C260100607,S5
C260100608,S5
C260100609,
C260100610,
C260100611,
C260100612,
C260100613,
C260100614,
C260100615,
C260100616,
C260100617,
C260100618,
C260100619,
C260100620,S5
C260100621,S5
C260100622,
C260100623,
C260100624,
C260100625,
C260100626,
C260100627,
C260100628,
C260100629,S5
C260100630,
C260100631,S5
C260100632,
C260100633,
C260100634,S5
C260100635,S5
C260100636,
C260100637,
C260100638,
C260100639,
C260100640,
C260100641,
C260100642,
C260100643,
C260100644,S5
C260100645,
C260100646,
C260100647,
C260100648,
C260100649,
C260100650,
C260100651,
C260100652,S5
C260100653,
C260100654,S5
C260100655,S5
C260100656,
C260100657,
C260100658,
C260100659,
C260100660,
C260100661,
C260100662,
C260100663,
C260100664,
C260100665,
C260100666,
C260100667,
C260100668,
C260100669,
C260100670,S5
C260100671,
C260100672,
C260100673,S5
C260100674,S5
C260100675,
C260100676,
C260100677,
C260100678,S5
C260100679,
C260100680,
C260100681,
C260100682,S5
C260100683,
C260100684,
C260100685,
C260100686,
C260100687,S5
C260100688,
C260100689,
C260100690,
C260100691,
C260100692,
C260100693,
C260100694,S5
C260100695,
C260100696,
C260100697,
C260100698,
C260100699,S5
C260100700,
C260100701,
C260100702,
C260100703,
C260100704,
C260100705,
C260100706,
C260100707,
C260100708,S5
C260100709,
C260100710,
C260100711,
C260200712,
C260200713,
C260200714,
C260200715,
C260200716,S3
C260200717,S3
C260200718,
C260200719,
C260200720,
C260200721,
C260200722,
C260200723,
C260200724,
C260200725,S3
C260200726,
C260200727,
C260200728,
C260200729,
C260200730,
C260200731,
C260200732,
C260200733,
C260200734,
C260200735,
C260200736,
C260200737,
C260200738,
C260200739,
C260200740,
C260200741,
C260200742,
C260200743,
C260200744,
C260200745,
C260200746,
C260200747,
C260200748,
C260200749,
C260200750,
C260200751,
C260200752,
C260200753,S3
C260200754,
C260200755,
C260200756,
C260200757,
C260200758,S3
C260200759,
C260200760,
C260200761,
C260200762,
C260200763,S3
C260200764,S3
C260200765,
C260200766,
C260200767,
C260200768,
C260200769,
C260200770,
C260200771,
C260200772,
C260200773,
C260200774,
C260200775,
C260200776,
C260200777,
C260200778,
C260200779,
C260200780,
C260200781,
C260200782,
C260200783,
C260200784,
C260200785,
C260200786,
C260200787,S3
C260200788,
C260200789,S3
C260200790,
C260200791,
C260200792,
C260200793,
C260200794,
C260200795,
C260200796,
C260200797,
C260200798,
C260200799,
C260200800,
C260200801,
C260200802,
C260200803,
C260200804,
C260200805,
C260200806,
C260200807,
C260200808,S3
C260200809,
C260200810,
C260200811,
C260200812,
C260200813,
C260200814,
C260200815,
C260200816,
C260200817,
C260200818,
C260200819,
C260200820,
C260200821,
C260200822,
C260200823,
C260200824,
C260200825,
C260200826,S3
C260200827,
C260200828,S3
C260200829,
C260200830,
C260200831,
C260200832,
C260200833,
C260200834,
C260200835,S3
C260200836,
C260200837,
C260200838,
C260200839,
C260200840,
C260200841,
C260200842,
C260200843,
C260200844,
C260200845,
C260200846,S3
C260200847,S3
C260200848,
C260200849,
C260200850,
C260200851,
C260200852,
C260200853,
C260200854,
C260200855,
C260200856,
C260200857,
C260200858,
C260200859,
C260200860,
C260200861,S3
C260200862,
C260200863,S3
C260200864,
C260200865,S3
C260200866,
C260200867,S3
C260200868,
C260200869,
C260200870,
C260200871,
C260200872,
C260200873,
C260200874,
C260200875,
C260200876,S3
C260200877,
C260200878,
C260200879,
C260200880,
C260200881,
C260200882,S3
C260200883,
C260200884,
C260200885,
C260200886,
C260200887,
C260200888,S3
C260200889,S3
C260200890,
C260200891,
C260200892,
C260200893,
C260200894,
C260200895,
C260200896,
C260200897,
C260200898,S3
C260200899,
C260200900,
C260200901,S3
C260200902,
C260200903,
C260200904,
C260200905,
C260200906,
C260200907,
C260200908,
C260200909,
C260200910,
C260200911,S3
C260200912,
C260200913,
C260200914,
C260200915,
C260200916,
C260200917,
C260200918,S3
C260200919,
C260200920,
C260200921,
C260200922,
C260200923,
C260200924,
C260200925,
C260200926,
C260200927,
C260200928,
C260200929,
C260200930,
C260200931,
C260200932,
C260200933,
C260200934,
C260200935,S3
C260200936,
C260200937,
C260200938,S3
C260200939,
C260200940,
C260200941,
C260200942,
C260200943,
C260200944,S3
C260200945,
C260200946,
C260200947,
C260200948,
C260200949,
C260200950,
C260200951,
C260200952,
C260200953,
C260200954,
C260200955,
C260200956,
C260200957,
C260200958,
C260200959,
C260200960,
C260200961,
C260200962,
C260200963,
C260200964,S3
C260200965,
C260200966,
C260200967,
C260200968,
C260200969,
C260200970,
C260200971,
C260200972,
C260200973,
C260200974,
C260200975,
C260200976,S3
C260200977,
C260200978,
C260200979,
C260200980,
C260200981,
C260200982,
C260200983,
C260200984,
C260200985,
C260200986,
C260200987,
C260200988,
C260200989,
C260200990,
C260200991,
C260200992,
C260200993,
C260200994,
C260200995,S3
C260200996,
C260200997,
C260200998,
C260200999,S3
C260201000,
C260201001,
C260201002,
C260201003,
C260201004,
C260201005,
C260201006,
C260201007,
C260201008,
C260201009,
C260201010,
C260201011,
C260201012,S3
C260201013,
C260201014,
C260201015,S3
C260201016,S3
C260201017,
C260201018,
C260201019,
C260201020,
C260201021,
C260201022,
C260201023,S3
C260201024,
C260201025,
C260201026,
C260201027,
C260201028,
C260201029,S3
C260201030,
C260201031,S3
C260201032,
C260201033,
C260201034,
C260201035,
C260201036,
C260201037,
C260201038,
C260201039,
C260201040,
C260201041,
C260201042,
C260201043,
C260201044,
C260201045,
C260201046,
C260201047,
C260201048,
C260201049,S3
C260201050,
C260201051,
C260201052,
C260201053,
C260201054,
C260201055,
C260201056,
C260201057,
C260201058,
C260201059,
C260201060,
C260201061,
C260201062,
C260201063,
C260201064,
C260201065,
C260201066,
C260201067,
C260201068,S3
C260201069,
C260201070,
C260201071,
C260201072,
C260201073,
C260201074,
C260201075,S3
C260201076,
C260201077,
C260201078,
C260201079,
C260201080,
C260201081,
C260201082,
C260201083,
C260201084,
C260201085,
C260201086,
C260201087,
C260201088,
C260201089,
C260201090,
C260201091,
C260201092,
C260201093,S3
C260201094,
C260201095,
C260201096,
C260201097,
C260201098,
C260201099,
C260201100,
C260201101,
C260201102,
C260201103,
C260201104,
C260201105,
C260201106,
C260201107,
C260201108,
C260201109,
C260201110,
C260201111,
C260201112,
C260201113,S3
C260201114,
C260201115,
C260201116,S3
C260201117,S3
C260201118,
C260201119,
C260201120,
C260201121,
C260201122,
C260201123,S3
C260201124,
C260201125,
C260201126,
C260201127,
C260201128,
C260201129,
C260201130,
C260201131,
C260201132,S3
C260201133,
C260201134,
C260201135,
C260201136,
C260201137,
C260201138,
C260201139,
C260201140,
C260201141,
C260201142,
C260201143,
C260201144,
C260201145,
C260201146,
C260201147,
C260201148,
C260201149,
C260201150,
C260201151,
C260201152,
C260201153,
C260201154,
C260201155,
C260201156,
C260201157,
C260201158,
C260201159,
C260201160,
C260201161,
C260201162,
C260201163,
C260201164,
C260201165,
C260201166,
C260201167,
C260201168,
C260201169,
C260201170,
C260201171,
C260201172,
C260201173,
C260201174,
C260201175,
C260201176,
C260201177,
C260201178,
C260201179,S3
C260201180,
C260201181,
C260201182,
C260201183,
C260201184,
C260201185,
C260201186,
C260201187,
C260201188,
C260201189,S3
C260201190,
C260201191,
C260201192,
C260201193,
C260201194,
C260201195,S3
C260201196,
C260201197,
C260201198,
C260201199,
C260201200,
C260201201,S3
C260201202,
C260201203,
C260201204,S3
C260201205,
C260201206,
C260201207,
C260201208,
C260201209,
C260201210,S3
C260201211,
C260201212,
C260201213,
C260201214,
C260201215,S3
C260201216,
C260201217,
C260201218,
C260201219,S3
C260201220,
C260201221,
C260201222,S3
C260201223,
C260201224,
C260201225,
C260201226,
C260201227,
C260201228,
C260201229,
C260201230,
C260201231,
C260201232,
C260201233,
C260201234,
C260201235,
C260201236,
C260201237,
C260201238,
C260201239,
C260201240,
C260201241,
C260201242,
C260201243,
C260201244,
C260201245,
C260201246,
C260201247,
C260201248,
C260201249,
C260201250,
C260201251,
C260201252,
C260201253,
C260201254,
C260201255,
C260201256,
C260201257,S3
C260201258,
C260201259,
C260201260,
C260201261,S3
C260201262,
C260201263,
C260201264,
C260201265,
C260201266,
C260201267,
C260201268,
C260201269,
C260201270,
C260201271,
C260201272,
C260201273,
C260201274,
C260201275,
C260201276,
C260201277,S3
C260201278,
C260201279,
C260201280,
C260201281,
C260201282,
C260201283,
C260201284,
C260201285,
C260201286,
C260201287,
C260201288,
C260201289,
C260201290,S3
C260201291,
C260201292,S3
C260201293,S3
C260201294,
C260201295,
C260201296,
C260201297,
C260201298,
C260201299,S3
C260201300,
C260201301,
C260201302,
C260201303,
C260201304,S3
C260201305,
C260201306,
C260201307,
C260201308,
C260201309,
C260201310,
C260201311,
C260201312,
C260201313,
C260201314,
C260201315,
C260201316,
C260201317,
C260201318,
C260201319,S3
C260201320,
C260201321,
C260201322,
C260201323,
C260201324,
C260201325,
C260201326,
C260201327,
C260201328,
C260201329,
C260201330,
C260201331,
C260201332,
C260201333,
C260201334,
C260201335,
C260201336,
C260301337,
C260301338,
C260301339,
C260301340,
C260301341,
C260301342,
C260301343,
C260301344,
C260301345,
C260301346,
C260301347,
C260301348,
C260301349,
C260301350,
C260301351,
C260301352,
C260301353,
C260301354,
C260301355,
C260301356,
C260301357,
C260301358,
C260301359,
C260301360,
C260301361,
C260301362,
C260301363,
C260301364,
C260301365,
C260301366,
C260301367,
C260301368,
C260301369,
C260301370,
C260301371,
C260301372,
C260301373,
C260301374,
C260301375,
C260301376,
C260301377,
C260301378,
C260301379,
C260301380,
C260301381,
C260301382,
C260301383,
C260301384,
C260301385,
C260301386,
C260301387,
C260301388,
C260301389,
C260301390,
C260301391,
C260301392,
C260301393,
C260301394,
C260301395,
C260301396,
C260301397,
C260301398,
C260301399,
C260301400,
C260301401,
C260301402,
C260301403,
C260301404,
C260301405,
C260301406,
C260301407,
C260301408,
C260301409,
C260301410,
C260301411,
C260301412,
C260301413,
C260301414,
C260301415,
C260301416,
C260301417,
C260301418,
C260301419,
C260301420,
C260301421,
C260301422,
C260301423,
C260301424,
C260301425,
C260301426,
C260301427,
C260301428,
C260301429,
C260301430,
C260301431,
C260301432,
C260301433,
C260301434,
C260301435,
C260301436,
C260301437,
C260301438,
C260301439,
C260301440,
C260301441,
C260301442,
C260301443,
C260301444,
C260301445,
C260301446,
C260301447,
C260301448,
C260301449,
C260301450,
C260301451,
C260301452,
C260301453,
C260301454,
C260301455,
C260301456,
C260301457,
C260301458,
C260301459,
C260301460,
C260301461,
C260301462,
C260301463,
C260301464,
C260301465,
C260301466,
C260301467,
C260301468,
C260301469,
C260301470,
C260301471,
C260301472,
C260301473,
C260301474,
C260301475,
C260301476,
C260301477,
C260301478,
C260301479,
C260301480,
C260301481,
C260301482,
C260301483,
C260301484,
C260301485,
C260301486,
C260301487,
C260301488,
C260301489,
C260301490,
C260301491,
C260301492,
C260301493,
C260301494,
C260301495,
C260301496,
C260301497,
C260301498,
C260301499,
C260301500,
C260301501,
C260301502,
C260301503,
C260301504,
C260301505,
C260301506,
C260301507,
C260301508,
C260301509,
C260301510,
C260301511,
C260301512,
C260301513,
C260301514,
C260301515,
C260301516,
C260301517,
C260301518,
C260301519,
C260301520,
C260301521,
C260301522,
C260301523,
C260301524,S2
C260301525,
C260301526,S2
C260301527,
C260301528,
C260301529,
C260301530,
C260301531,
C260301532,
C260301533,
C260301534,
C260301535,
C260301536,
C260301537,
C260301538,
C260301539,
C260301540,
C260301541,
C260301542,
C260301543,
C260301544,
C260301545,
C260301546,
C260301547,
C260301548,S2
C260301549,
C260301550,
C260301551,
C260301552,S2
C260301553,
C260301554,
C260301555,
C260301556,
C260301557,S2
C260301558,S2
C260301559,
C260301560,
C260301561,
C260301562,
C260301563,
C260301564,
C260301565,
C260301566,
C260301567,
C260301568,
C260301569,
C260301570,S2
C260301571,
C260301572,
C260301573,S2
C260301574,
C260301575,
C260301576,S2
C260301577,
C260301578,
C260301579,
C260301580,S2
C260301581,S2
C260301582,
C260301583,
C260301584,
C260301585,
C260301586,
C260301587,
C260301588,
C260301589,
C260301590,
C260301591,
C260301592,
C260301593,
C260301594,
C260301595,
C260301596,
C260301597,
C260301598,
C260301599,
C260301600,
C260301601,S2
C260301602,
C260301603,
C260301604,
C260301605,
C260301606,
C260301607,
C260301608,S2
C260301609,
C260301610,
C260301611,
C260301612,
C260301613,
C260301614,
C260301615,
C260301616,
C260301617,
C260301618,
C260301619,
C260301620,
C260301621,
C260301622,S2
C260301623,
C260301624,S2
C260301625,
C260301626,S2
C260301627,S2
C260301628,
C260301629,
C260301630,
C260301631,S2
C260301632,S2
C260301633,
C260301634,
C260301635,
C260301636,
C260301637,
C260301638,
C260301639,S2
C260301640,
C260301641,
C260301642,S2
C260301643,
C260301644,
C260301645,
C260301646,
C260301647,
C260301648,
C260301649,
C260301650,
C260301651,
C260301652,
C260301653,
C260301654,
C260301655,S2
C260301656,S2
C260301657,
C260301658,
C260301659,
C260301660,
C260301661,
C260301662,
C260301663,
C260301664,
C260301665,
C260301666,
C260301667,
C260301668,
C260301669,S2
C260301670,S2
C260301671,
C260301672,
C260301673,
C260301674,
C260301675,
C260301676,
C260301677,
C260301678,
C260301679,
C260301680,
C260301681,
C260301682,
C260301683,
C260301684,
C260301685,
C260301686,
C260301687,
C260301688,
C260301689,S2
C260301690,
C260301691,
C260301692,S2
C260301693,
C260301694,
C260301695,
C260301696,S2
C260301697,
C260301698,
C260301699,
C260301700,
C260301701,
C260301702,
C260301703,
C260301704,
C260301705,
C260301706,S2
C260301707,
C260301708,
C260301709,
C260301710,
C260301711,
C260301712,
C260301713,
C260301714,
C260301715,
C260301716,S2
C260301717,
C260301718,
C260301719,
C260301720,S2
C260301721,S2
C260301722,
C260301723,
C260301724,
C260301725,
C260301726,S2
C260301727,S2
C260301728,
C260301729,
C260301730,
C260301731,
C260301732,
C260301733,
C260301734,
C260301735,
C260301736,S2
C260301737,
C260301738,
C260301739,S2
C260301740,
C260301741,
C260301742,
C260301743,
C260301744,
C260301745,
C260301746,
C260301747,
C260301748,
C260301749,
C260301750,
C260301751,
C260301752,
C260301753,
C260301754,
C260301755,S2
C260301756,S2
C260301757,
C260301758,
C260301759,
C260301760,
C260301761,
C260301762,
C260301763,
C260301764,
C260301765,S2
C260301766,
C260301767,
C260301768,S2
C260301769,
C260301770,
C260301771,S2
C260301772,
C260301773,
C260301774,
C260301775,
C260301776,
C260301777,S2
C260301778,S2
C260301779,
C260301780,
C260301781,
C260301782,
C260301783,
C260301784,
C260301785,
C260301786,
C260301787,
C260301788,S2
C260301789,S2
C260301790,
C260301791,S2
C260301792,
C260301793,
C260301794,
C260301795,S2
C260301796,
C260301797,
C260301798,
C260301799,
C260301800,
C260301801,S2
C260301802,S2
C260301803,
C260301804,
C260301805,
C260301806,
C260301807,
C260301808,
C260301809,
C260301810,
C260301811,
C260301812,
C260301813,
C260301814,
C260301815,
C260301816,
C260301817,
C260301818,
C260301819,
C260301820,
C260301821,
C260301822,S2
C260301823,
C260301824,
C260301825,
C260301826,
C260301827,S2
C260301828,
C260301829,
C260301830,
C260301831,
C260301832,S2
C260301833,
C260301834,S2
C260301835,
C260301836,
C260301837,
C260301838,
C260301839,
C260301840,
C260301841,S2
C260301842,
C260301843,S2
C260301844,
C260301845,
C260301846,
C260301847,
C260301848,
C260301849,
C260301850,S2
C260301851,
C260301852,S2
C260301853,
C260301854,
C260301855,S2
C260301856,S2
C260301857,S2
C260301858,
C260301859,
C260301860,
C260301861,S2
C260301862,S2
C260301863,
C260301864,
C260301865,
C260301866,
C260301867,
C260301868,
C260301869,S2
C260301870,
C260301871,
C260301872,
C260301873,S2
C260301874,
C260301875,
C260301876,
C260301877,
C260301878,
C260301879,
C260301880,
C260301881,
C260301882,
C260301883,
C260301884,
C260301885,
C260301886,
C260301887,
C260301888,
C260301889,
C260301890,
C260301891,
C260301892,
C260301893,
C260301894,
C260301895,
C260301896,
C260301897,
C260301898,
C260301899,
C260301900,
C260301901,S2
C260301902,S2
C260301903,
C260301904,S2
C260301905,
C260301906,
C260301907,
C260301908,
C260301909,
C260301910,
C260301911,
C260301912,
C260301913,
C260301914,S2
C260301915,
C260301916,
C260301917,
C260301918,
C260301919,
C260301920,
C260301921,
C260301922,
C260301923,S2
C260301924,S2
C260301925,
C260301926,
C260301927,
C260301928,
C260301929,S2
C260301930,
C260301931,
C260301932,
C260301933,
C260301934,
C260301935,
C260301936,
C260301937,
C260301938,
C260301939,
C260301940,
C260301941,
C260301942,
C260301943,S2
C260301944,
C260301945,
C260301946,
C260301947,
C260301948,
C260301949,
C260301950,
C260301951,
C260301952,
C260301953,
C260301954,
C260301955,
C260301956,
C260301957,
C260301958,
C260301959,S2
C260301960,
C260301961,S2
C260301962,
C260301963,
C260301964,
C260301965,
C260301966,
C260301967,
C260301968,
C260301969,
C260301970,
C260301971,
C260301972,
C260301973,
C260301974,
C260301975,
C260301976,
C260301977,
C260301978,
C260301979,
C260301980,
C260301981,
C260301982,
C260301983,
C260301984,S2
C260301985,
C260301986,S2
C260301987,
C260301988,
C260301989,
C260301990,S2
C260301991,
C260301992,
C260301993,
C260301994,
C260301995,
C260301996,S2
C260301997,
C260301998,
C260301999,
C260302000,S2
C260302001,
C260302002,
C260302003,S2
C260302004,
C260302005,S2
C260302006,
C260302007,
C260302008,
C260302009,
C260302010,S2
C260302011,
C260302012,
C260302013,
C260302014,
C260302015,
C260302016,
C260302017,
C260302018,
C260302019,
C260302020,
C260302021,
C260302022,
C260402023,
C260402024,
C260402025,
C260402026,
C260402027,
C260402028,
C260402029,
C260402030,
C260402031,
C260402032,
C260402033,
C260402034,
C260402035,
C260402036,
C260402037,
C260402038,
C260402039,
C260402040,
C260402041,
C260402042,
C260402043,S4
C260402044,
C260402045,
C260402046,
C260402047,
C260402048,
C260402049,
C260402050,
C260402051,
C260402052,
C260402053,
C260402054,
C260402055,
C260402056,
C260402057,S4
C260402058,
C260402059,
C260402060,
C260402061,
C260402062,
C260402063,
C260402064,
C260402065,
C260402066,
C260402067,
C260402068,S4
C260402069,
C260402070,
C260402071,
C260402072,
C260402073,
C260402074,
C260402075,
C260402076,
C260402077,
C260402078,S4
C260402079,
C260402080,
C260402081,
C260402082,
C260402083,S4
C260402084,
C260402085,
C260402086,
C260402087,
C260402088,
C260402089,
C260402090,
C260402091,
C260402092,S4
C260402093,
C260402094,
C260402095,
C260402096,
C260402097,
C260402098,
C260402099,
C260402100,
C260402101,S4
C260402102,
C260402103,S4
C260402104,
C260402105,
C260402106,
C260402107,
C260402108,
C260402109,S4
C260402110,
C260402111,S4
C260402112,
C260402113,
C260402114,
C260402115,
C260402116,
C260402117,S4
C260402118,
C260402119,S4
C260402120,
C260402121,S4
C260402122,
C260402123,
C260402124,
C260402125,
C260402126,S4
C260402127,
C260402128,
C260402129,S4
C260402130,
C260402131,
C260402132,
C260402133,
C260402134,
C260402135,
C260402136,
C260402137,S4
C260402138,S4
C260402139,S4
C260402140,
C260402141,S4
C260402142,
C260402143,
C260402144,
C260402145,
C260402146,
C260402147,S4
C260402148,
C260402149,S4
C260402150,
C260402151,S4
C260402152,
C260402153,
C260402154,S4
C260402155,
C260402156,S4
C260402157,
C260402158,
C260402159,
C260402160,
C260402161,S4
C260402162,
C260402163,
C260402164,
C260402165,
C260402166,
C260402167,
C260402168,
C260402169,
C260402170,
C260402171,
C260402172,
C260402173,
C260402174,
C260402175,
C260402176,S4
C260402177,S4
C260402178,
C260402179,
C260402180,
C260402181,S4
C260402182,
C260402183,
C260402184,
C260402185,S4
C260402186,
C260402187,S4
C260402188,
C260402189,
C260402190,
C260402191,
C260402192,
C260402193,
C260402194,
C260402195,
C260402196,
C260402197,
C260402198,
C260402199,
C260402200,
C260402201,S4
C260402202,
C260402203,
C260402204,
C260402205,
C260402206,
C260402207,
C260402208,
C260402209,
C260402210,
C260402211,
C260402212,
C260402213,
C260402214,
C260402215,
C260402216,
C260402217,
C260402218,
C260402219,
C260402220,
C260402221,
C260402222,
C260402223,
C260402224,
C260402225,
C260402226,
C260402227,
C260402228,
C260402229,S4
C260402230,
C260402231,
C260402232,
C260402233,
C260402234,S4
C260402235,
C260402236,S4
C260402237,
C260402238,
C260402239,
C260402240,
C260402241,
C260402242,
C260402243,
C260402244,
C260402245,
C260402246,
C260402247,
C260402248,
C260402249,
C260402250,S4
C260402251,
C260402252,
C260402253,
C260402254,
C260402255,S4
C260402256,
C260402257,
C260402258,
C260402259,S4
C260402260,
C260402261,
C260402262,
C260402263,S4
C260402264,S4
C260402265,S4
C260402266,
C260402267,
C260402268,
C260402269,
C260402270,
C260402271,
C260402272,
C260402273,
C260402274,
C260402275,
C260402276,S4
C260402277,S4
C260402278,
C260402279,
C260402280,
C260402281,
C260402282,
C260402283,
C260402284,
C260402285,
C260402286,
C260402287,
C260402288,
C260402289,S4
C260402290,
C260402291,
C260402292,
C260402293,
C260402294,
C260402295,
C260402296,
C260402297,S4
C260402298,
C260402299,
C260402300,
C260402301,
C260402302,
C260402303,
C260402304,
C260402305,
C260402306,
C260402307,
C260402308,
C260402309,
C260402310,
C260402311,
C260402312,S4
C260402313,
C260402314,
C260402315,S4
C260402316,
C260402317,
C260402318,
C260402319,
C260402320,
C260402321,
C260402322,
C260402323,
C260402324,S4
C260402325,
C260402326,
C260402327,
C260402328,
C260402329,
C260402330,
C260402331,
C260402332,
C260402333,
C260402334,
C260402335,
C260402336,S4
C260402337,S4
C260402338,
C260402339,
C260402340,
C260402341,S4
C260402342,S4
C260402343,
C260402344,
C260402345,
C260402346,
C260402347,
C260402348,
C260402349,
C260402350,S4
C260402351,
C260402352,
C260402353,
C260402354,
C260402355,
C260402356,
C260402357,
C260402358,
C260402359,
C260402360,
C260402361,S4
C260402362,
C260402363,
C260402364,
C260402365,
C260402366,
C260402367,
C260402368,
C260402369,
C260402370,
C260402371,
C260402372,
C260402373,
C260402374,
C260402375,
C260402376,
C260402377,
C260402378,
C260402379,S4
C260402380,S4
C260402381,
C260402382,
C260402383,
C260402384,
C260402385,
C260402386,
C260402387,
C260402388,
C260402389,
C260402390,
C260402391,S4
C260402392,
C260402393,
C260402394,
C260402395,
C260402396,
C260402397,
C260402398,
C260402399,
C260402400,
C260402401,
C260402402,
C260402403,
C260402404,
C260402405,
C260402406,
C260402407,
C260402408,
C260402409,
C260402410,
C260402411,
C260402412,
C260402413,
C260402414,
C260402415,
C260402416,S4
C260402417,
C260402418,
C260402419,
C260402420,S4
C260402421,
C260402422,S4
C260402423,
C260402424,S4
C260402425,
C260402426,
C260402427,
C260402428,
C260402429,
C260402430,
C260402431,
C260402432,
C260402433,
C260402434,
C260402435,S4
C260402436,S4
C260402437,
C260402438,
C260402439,
C260402440,
C260402441,
C260402442,
C260402443,
C260402444,S4
C260402445,
C260402446,
C260402447,
C260402448,
C260402449,
C260402450,
C260402451,
C260402452,
C260402453,
C260402454,S4
C260402455,
C260402456,
C260402457,
C260402458,
C260402459,
C260402460,
C260402461,S4
C260402462,
C260402463,S4
C260402464,
C260402465,S4
C260402466,
C260402467,
C260402468,
C260402469,
C260402470,
C260402471,S4
C260402472,
C260402473,
C260402474,
C260402475,
C260402476,S4
C260402477,
C260402478,
C260402479,
C260402480,
C260402481,
C260402482,
C260402483,
C260402484,
C260402485,
C260402486,
C260402487,
C260402488,
C260402489,
C260402490,S4
C260402491,
C260402492,
C260402493,
C260402494,
C260402495,
C260402496,
C260402497,S4
C260402498,
C260402499,
C260402500,S4
C260402501,S4
C260402502,
C260402503,S4
C260402504,
C260402505,S4
C260402506,S4
C260402507,
C260402508,
C260402509,
C260402510,
C260402511,
C260402512,
C260402513,
C260402514,S4
C260402515,
C260402516,
C260402517,
C260402518,S4
C260402519,
C260402520,
C260402521,
C260402522,
C260402523,
C260402524,
C260402525,
C260402526,
C260402527,
C260402528,
C260402529,S4
C260402530,
C260402531,
C260402532,
C260402533,
C260402534,
C260402535,
C260402536,
C260402537,
C260402538,
C260402539,S4
C260402540,
C260402541,
C260402542,
C260402543,
C260402544,
C260402545,
C260402546,
C260402547,
C260402548,S4
C260402549,
C260402550,
C260402551,
C260402552,
C260402553,
C260402554,
C260402555,
C260402556,
C260402557,
C260402558,
C260402559,
C260402560,
C260402561,
C260402562,
C260402563,
C260402564,S4
C260402565,
C260402566,
C260402567,
C260402568,
C260402569,
C260402570,
C260402571,S4
C260402572,
C260402573,S4
C260402574,
C260402575,
C260402576,
C260402577,S4
C260402578,
C260402579,
C260402580,
C260402581,
C260402582,
C260402583,
C260402584,
C260402585,
C260402586,
C260402587,
C260402588,S4
C260402589,
C260402590,
C260402591,
C260402592,
C260402593,
C260402594,
C260402595,
C260402596,
C260402597,
C260402598,
C260402599,
C260402600,
C260402601,
C260402602,
C260402603,
C260402604,
C260402605,
C260402606,
C260402607,
C260402608,
C260402609,
C260402610,
C260402611,
C260402612,
C260402613,
C260402614,
C260402615,
C260402616,
C260402617,
C260402618,
C260402619,
C260402620,
C260402621,
C260402622,
C260402623,
C260402624,
C260402625,
C260402626,
C260402627,
C260402628,
C260402629,
C260402630,
C260402631,
C260402632,
C260402633,
C260402634,S4
C260402635,
C260402636,
C260402637,
C260402638,
C260402639,
C260402640,
C260402641,
C260402642,
C260402643,
C260402644,
C260402645,
C260402646,
C260402647,
C260402648,
C260402649,
C260402650,
C260402651,
C260402652,
C260402653,
C260402654,
C260402655,
C260402656,
C260402657,S4
C260402658,
C260402659,
C260402660,
C260402661,
C260402662,
C260402663,
C260402664,
C260402665,
C260402666,S4
C260402667,S4
C260402668,
C260402669,
C260402670,
C260402671,
C260402672,
C260402673,
C260402674,
C260402675,
C260402676,S4
C260402677,
C260402678,
C260502679,
C260502680,
C260502681,
C260502682,
C260502683,
C260502684,
C260502685,
C260502686,
C260502687,
C260502688,
C260502689,
C260502690,
C260502691,
C260502692,S1
C260502693,
C260502694,
C260502695,
C260502696,
C260502697,
C260502698,
C260502699,
C260502700,
C260502701,
C260502702,
C260502703,
C260502704,
C260502705,
C260502706,
C260502707,
C260502708,
C260502709,
C260502710,
C260502711,
C260502712,
C260502713,
C260502714,
C260502715,
C260502716,
C260502717,
C260502718,
C260502719,
C260502720,
C260502721,
C260502722,
C260502723,
C260502724,S1
C260502725,
C260502726,
C260502727,
C260502728,
C260502729,
C260502730,
C260502731,
C260502732,
C260502733,S1
C260502734,
C260502735,
C260502736,
C260502737,
C260502738,
C260502739,
C260502740,
C260502741,
C260502742,
C260502743,S1
C260502744,
C260502745,
C260502746,
C260502747,
C260502748,
C260502749,
C260502750,
C260502751,
C260502752,
C260502753,
C260502754,
C260502755,
C260502756,
C260502757,
C260502758,
C260502759,
C260502760,
C260502761,
C260502762,S1
C260502763,S1
C260502764,
C260502765,
C260502766,
C260502767,
C260502768,
C260502769,
C260502770,
C260502771,
C260502772,
C260502773,
C260502774,
C260502775,
C260502776,
C260502777,
C260502778,
C260502779,S1
C260502780,S1
C260502781,
C260502782,
C260502783,
C260502784,
C260502785,S1
C260502786,
C260502787,
C260502788,
C260502789,
C260502790,
C260502791,
C260502792,
C260502793,
C260502794,
C260502795,
C260502796,
C260502797,
C260502798,
C260502799,
C260502800,
C260502801,
C260502802,
C260502803,
C260502804,
C260502805,
C260502806,
C260502807,
C260502808,
C260502809,
C260502810,
C260502811,
C260502812,
C260502813,
C260502814,
C260502815,
C260502816,
C260502817,
C260502818,
C260502819,
C260502820,
C260502821,
C260502822,
C260502823,
C260502824,
C260502825,
C260502826,
C260502827,
C260502828,
C260502829,S1
C260502830,
C260502831,
C260502832,
C260502833,
C260502834,S1
C260502835,
C260502836,
C260502837,
C260502838,
C260502839,
C260502840,
C260502841,
C260502842,
C260502843,
C260502844,
C260502845,
C260502846,
C260502847,
C260502848,
C260502849,
C260502850,
C260502851,
C260502852,
C260502853,
C260502854,
C260502855,
C260502856,
C260502857,
C260502858,
C260502859,
C260502860,
C260502861,
C260502862,
C260502863,
C260502864,
C260502865,S1
C260502866,
C260502867,
C260502868,
C260502869,
C260502870,
C260502871,
C260502872,
C260502873,
C260502874,
C260502875,
C260502876,
C260502877,
C260502878,
C260502879,
C260502880,
C260502881,
C260502882,
C260502883,
C260502884,
C260502885,
C260502886,
C260502887,
C260502888,
C260502889,
C260502890,S1
C260502891,
C260502892,
C260502893,
C260502894,
C260502895,
C260502896,
C260502897,
C260502898,
C260502899,
C260502900,
C260502901,
C260502902,
C260502903,
C260502904,
C260502905,S1
C260502906,
C260502907,
C260502908,S1
C260502909,S1
C260502910,
C260502911,
C260502912,S1
C260502913,
C260502914,
C260502915,
C260502916,
C260502917,
C260502918,
C260502919,
C260502920,
C260502921,
C260502922,
C260502923,
C260502924,
C260502925,S1
C260502926,
C260502927,
C260502928,
C260502929,
C260502930,S1
C260502931,
C260502932,
C260502933,
C260502934,
C260502935,
C260502936,S1
C260502937,
C260502938,
C260502939,
C260502940,
C260502941,
C260502942,
C260502943,
C260502944,
C260502945,S1
C260502946,
C260502947,
C260502948,
C260502949,
C260502950,S1
C260502951,
C260502952,
C260502953,
C260502954,
C260502955,
C260502956,
C260502957,
C260502958,S1
C260502959,
C260502960,
C260502961,
C260502962,
C260502963,S1
C260502964,
C260502965,
C260502966,S1
C260502967,
C260502968,
C260502969,
C260502970,
C260502971,
C260502972,S1
C260502973,
C260502974,
C260502975,
C260502976,
C260502977,
C260502978,
C260502979,
C260502980,
C260502981,
C260502982,
C260502983,
C260502984,
C260502985,
C260502986,
C260502987,
C260502988,
C260502989,
C260502990,S1
C260502991,
C260502992,
C260502993,
C260502994,
C260502995,
C260502996,
C260502997,
C260502998,
C260502999,
C260503000,
C260503001,
C260503002,
C260503003,
C260503004,
C260503005,
C260503006,
C260503007,
C260503008,
C260503009,
C260503010,
C260503011,
C260503012,
C260503013,
C260503014,
C260503015,
C260503016,
C260503017,
C260503018,
C260503019,
C260503020,
C260503021,
C260503022,
C260503023,
C260503024,
C260503025,
C260503026,
C260503027,
C260503028,
C260503029,
C260503030,
C260503031,
C260503032,
C260503033,
C260503034,
C260503035,
C260503036,
C260503037,
C260503038,
C260503039,
C260503040,S1
C260503041,
C260503042,
C260503043,
C260503044,
C260503045,
C260503046,S1
C260503047,
C260503048,
C260503049,
C260503050,
C260503051,
C260503052,
C260503053,
C260503054,
C260503055,
C260503056,
C260503057,
C260503058,
C260503059,
C260503060,
C260503061,
C260503062,
C260503063,
C260503064,
C260503065,
C260503066,
C260503067,
C260503068,
C260503069,
C260503070,S1
C260503071,
C260503072,
C260503073,
C260503074,
C260503075,S1
C260503076,
C260503077,
C260503078,
C260503079,
C260503080,
C260503081,
C260503082,
C260503083,
C260503084,
C260503085,S1
C260503086,
C260503087,
C260503088,
C260503089,
C260503090,
C260503091,
C260503092,
C260503093,S1
C260503094,
C260503095,
C260503096,
C260503097,
C260503098,
C260503099,
C260503100,
C260503101,
C260503102,
C260503103,
C260503104,
C260503105,
C260503106,
C260503107,
C260503108,
C260503109,
C260503110,
C260503111,
C260503112,S1
C260503113,
C260503114,S1
C260503115,
C260503116,
C260503117,
C260503118,
C260503119,
C260503120,
C260503121,S1
C260503122,
C260503123,
C260503124,
C260503125,
C260503126,
C260503127,
C260503128,
C260503129,
C260503130,
C260503131,
C260503132,S1
C260503133,
C260503134,
C260503135,
C260503136,
C260503137,
C260503138,
C260503139,
C260503140,
C260503141,
C260503142,
C260503143,
C260503144,
C260503145,
C260503146,
C260503147,
C260503148,
C260503149,
C260503150,S1
C260503151,
C260503152,
C260503153,
C260503154,
C260503155,
C260503156,
C260503157,
C260503158,
C260503159,
C260503160,
C260503161,
C260503162,
C260503163,
C260503164,
C260503165,
C260503166,
C260503167,
C260503168,
C260503169,
C260503170,
C260503171,
C260503172,
C260503173,
C260503174,
C260503175,
C260503176,
C260503177,
C260503178,
C260503179,
C260503180,
C260503181,S1
C260503182,
C260503183,
C260503184,
C260503185,
C260503186,
C260503187,
C260503188,
C260503189,
C260503190,
C260503191,
C260503192,
C260503193,
C260503194,S1
C260503195,
C260503196,
C260503197,
C260503198,
C260503199,
C260503200,
C260503201,
C260503202,
C260503203,
C260503204,
C260503205,
C260503206,
C260503207,
C260503208,
C260503209,
C260503210,
C260503211,
C260503212,
C260503213,
C260503214,
C260503215,
C260503216,
C260503217,
C260503218,
C260503219,
C260503220,
C260503221,
C260503222,
C260503223,
C260503224,
C260503225,
C260503226,
C260503227,
C260503228,
C260503229,
C260503230,
C260503231,
C260503232,
C260503233,
C260503234,
C260503235,
C260503236,
C260503237,
C260503238,
C260503239,
C260503240,
C260503241,
C260503242,
C260503243,
C260503244,
C260503245,
C260503246,
C260503247,S1
C260503248,
C260503249,
C260503250,
C260503251,
C260503252,
C260503253,
C260503254,
C260503255,
C260503256,
C260503257,
C260503258,
C260503259,
C260503260,
C260503261,
C260503262,
C260503263,
C260503264,
C260503265,
C260503266,
C260503267,S1
C260503268,
C260503269,
C260503270,
C260503271,S1
C260503272,S1
C260503273,
C260503274,
C260503275,
C260503276,
C260503277,
C260503278,
C260503279,
C260503280,S1
C260503281,
C260503282,
C260503283,
C260503284,
C260503285,
C260503286,
C260503287,
C260503288,
C260503289,
C260503290,
C260503291,
C260503292,
C260503293,
C260503294,
C260503295,
C260503296,
C260503297,
C260503298,
C260503299,
C260503300,
C260503301,
C260503302,S1
C260503303,S1
C260503304,
C260503305,
C260503306,
C260503307,
C260503308,
C260503309,
C260503310,
C260503311,
C260503312,
C260503313,
C260503314,
C260503315,
C260503316,
C260503317,
C260503318,
C260503319,
C260503320,
C260503321,S1
C260503322,
C260503323,
C260503324,
C260503325,
C260503326,
C260503327,
C260503328,
C260503329,
C260503330,
C260503331,
C260503332,
C260503333,S1
C260503334,
C260503335,
C260503336,
C260503337,
C260503338,
C260503339,
C260503340,
C260503341,
C260503342,
C260503343,
C260503344,
C260503345,
C260503346,
C260503347,
C260503348,
C260503349,
C260603350,
C260603351,S6
C260603352,
C260603353,S6
C260603354,S6
C260603355,
C260603356,S6
C260603357,S6
C260603358,S6
C260603359,S6
C260603360,S6
C260603361,S6
C260603362,S6
C260603363,S6
C260603364,
C260603365,
C260603366,S6
C260603367,S6
C260603368,
C260603369,
C260603370,S6
C260603371,S6
C260603372,S6
C260603373,S6
C260603374,S6
C260603375,S6
C260603376,S6
C260603377,
C260603378,
C260603379,S6
C260603380,
C260603381,S6
C260603382,
C260603383,S6
C260603384,
C260603385,S6
C260603386,
C260603387,S6
C260603388,
C260603389,S6
C260603390,
C260603391,S6
C260603392,
C260603393,
C260603394,S6
C260603395,
C260603396,S6
C260603397,
C260603398,
C260603399,
C260603400,S6
C260603401,
C260603402,
C260603403,
C260603404,S6
C260603405,S6
C260603406,S6
C260603407,
C260603408,S6
C260603409,S6
C260603410,S6
C260603411,S6
C260603412,
C260603413,S6
C260603414,S6
C260603415,
C260603416,S6
C260603417,
C260603418,
C260603419,
C260603420,
C260603421,
C260603422,
C260603423,
C260603424,S6
C260603425,
C260603426,S6
C260603427,
C260603428,S6
C260603429,
C260603430,S6
C260603431,S6
C260603432,S6
C260603433,
C260603434,
C260603435,S6
C260603436,S6
C260603437,S6
C260603438,S6
C260603439,S6
C260603440,S6
C260603441,S6
C260603442,
C260603443,S6
C260603444,S6
C260603445,
C260603446,
C260603447,S6
C260603448,
C260603449,S6
C260603450,S6
C260603451,
C260603452,S6
C260603453,S6
C260603454,S6
C260603455,S6
C260603456,S6
C260603457,S6
C260603458,
C260603459,
C260603460,
C260603461,
C260603462,S6
C260603463,S6
C260603464,S6
C260603465,S6
C260603466,
C260603467,
C260603468,
C260603469,S6
C260603470,
C260603471,S6
C260603472,S6
C260603473,
C260603474,S6
C260603475,S6
C260603476,S6
C260603477,
C260603478,S6
C260603479,
C260603480,S6
C260603481,
C260603482,
C260603483,S6
C260603484,S6
C260603485,S6
C260603486,S6
C260603487,
C260603488,
C260603489,S6
C260603490,S6
C260603491,S6
C260603492,
C260603493,
C260603494,
C260603495,S6
C260603496,
C260603497,S6
C260603498,
C260603499,
C260603500,S6
C260603501,S6
C260603502,
C260603503,S6
C260603504,
C260603505,S6
C260603506,
C260603507,
C260603508,S6
C260603509,S6
C260603510,S6
C260603511,S6
C260603512,S6
C260603513,S6
C260603514,
C260603515,
C260603516,
C260603517,S6
C260603518,S6
C260603519,
C260603520,
C260603521,S6
C260603522,S6
C260603523,
C260603524,S6
C260603525,
C260603526,S6
C260603527,
C260603528,S6
C260603529,S6
C260603530,
C260603531,
C260603532,S6
C260603533,
C260603534,S6
C260603535,
C260603536,
C260603537,
C260603538,S6
C260603539,
C260603540,
C260603541,S6
C260603542,S6
C260603543,S6
C260603544,
C260603545,
C260603546,
C260603547,S6
C260603548,S6
C260603549,S6
C260603550,S6
C260603551,
C260603552,
C260603553,S6
C260603554,S6
C260603555,
C260603556,S6
C260603557,S6
C260603558,
C260603559,
C260603560,
C260603561,S6
C260603562,S6
C260603563,
C260603564,
C260603565,
C260603566,
C260603567,S6
C260603568,S6
C260603569,
C260603570,
C260603571,
C260603572,S6
C260603573,
C260603574,S6
C260603575,
C260603576,S6
C260603577,
C260603578,
C260603579,S6
C260603580,
C260603581,
C260603582,S6
C260603583,S6
C260603584,
C260603585,S6
C260603586,S6
C260603587,
C260603588,
C260603589,
C260603590,S6
C260603591,
C260603592,S6
C260603593,
C260603594,S6
C260603595,S6
C260603596,S6
C260603597,S6
C260603598,S6
C260603599,S6
C260603600,S6
C260603601,
C260603602,S6
C260603603,S6
C260603604,
C260603605,S6
C260603606,S6
C260603607,
C260603608,
C260603609,S6
C260603610,S6
C260603611,S6
C260603612,
C260603613,
C260603614,S6
C260603615,S6
C260603616,
C260603617,
C260603618,S6
C260603619,S6
C260603620,S6
C260603621,S6
C260603622,
C260603623,
C260603624,
C260603625,
C260603626,S6
C260603627,S6
C260603628,
C260603629,
C260603630,
C260603631,
C260603632,S6
C260603633,S6
C260603634,S6
C260603635,
C260603636,S6
C260603637,S6
C260603638,
C260603639,S6
C260603640,S6
C260603641,
C260603642,
C260603643,
C260603644,S6
C260603645,S6
C260603646,S6
C260603647,S6
C260603648,
C260603649,
C260603650,
C260603651,S6
C260603652,
C260603653,
C260603654,
C260603655,
C260603656,S6
C260603657,
C260603658,
C260603659,S6
C260603660,
C260603661,S6
C260603662,S6
C260603663,
C260603664,S6
C260603665,S6
C260603666,S6
C260603667,S6
C260603668,S6
C260603669,
C260603670,S6
C260603671,S6
C260603672,S6
C260603673,S6
C260603674,S6
C260603675,
C260603676,S6
C260603677,S6
C260603678,
C260603679,S6
C260603680,S6
C260603681,
C260603682,S6
C260603683,S6
C260603684,
C260603685,
C260603686,
C260603687,S6
C260603688,
C260603689,
C260603690,
C260603691,
C260603692,
C260603693,S6
C260603694,S6
C260603695,
C260603696,
C260603697,
C260603698,S6
C260603699,
C260603700,S6
C260603701,
C260603702,
C260603703,S6
C260603704,S6
C260603705,S6
C260603706,S6
C260603707,S6
C260603708,S6
C260603709,S6
C260603710,
C260603711,
C260603712,
C260603713,
C260603714,S6
C260603715,
C260603716,S6
C260603717,S6
C260603718,
C260603719,
C260603720,
C260603721,S6
C260603722,
C260603723,
C260603724,
C260603725,S6
C260603726,S6
C260603727,S6
C260603728,S6
C260603729,
C260603730,S6
C260603731,S6
C260603732,S6
C260603733,S6
C260603734,S6
C260603735,S6
C260603736,
C260603737,S6
C260603738,S6
C260603739,S6
C260603740,S6
C260603741,S6
C260603742,
C260603743,S6
C260603744,S6
C260603745,
C260603746,
C260603747,
C260603748,
C260603749,
C260603750,
C260603751,S6
C260603752,
C260603753,S6
C260603754,S6
C260603755,S6
C260603756,S6
C260603757,S6
C260603758,
C260603759,S6
C260603760,
C260603761,S6
C260603762,
C260603763,
C260603764,S6
C260603765,S6
C260603766,S6
C260603767,
C260603768,S6
C260603769,S6
C260603770,
C260603771,S6
C260603772,S6
C260603773,S6
C260603774,
C260603775,S6
C260603776,
C260603777,
C260603778,
C260603779,S6
C260603780,
C260603781,
C260603782,
C260603783,S6
C260603784,S6
C260603785,
C260603786,S6
C260603787,
C260603788,S6
C260603789,
C260603790,
C260603791,S6
C260603792,S6
C260603793,S6
C260603794,S6
C260603795,
C260603796,S6
C260603797,
C260603798,S6
C260603799,
C260603800,S6
C260603801,S6
C260603802,S6
C260603803,S6
C260603804,
C260603805,S6
C260603806,S6
C260603807,S6
C260603808,S6
C260603809,S6
C260603810,
C260603811,
C260603812,
C260603813,S6
C260603814,S6
C260603815,S6
C260603816,S6
C260603817,S6
C260603818,
C260603819,S6
C260603820,
C260603821,
C260603822,
C260603823,
C260603824,
C260603825,
C260603826,S6
C260603827,
C260603828,S6
C260603829,S6
C260603830,
C260603831,S6
C260603832,
C260603833,
C260603834,S6
C260603835,S6
C260603836,
C260603837,S6
C260603838,S6
C260603839,
C260603840,
C260603841,
C260603842,
C260603843,S6
C260603844,S6
C260603845,
C260603846,
C260603847,
C260603848,S6
C260603849,S6
C260603850,
C260603851,S6
C260603852,
C260603853,S6
C260603854,
C260603855,
C260603856,
C260603857,S6
C260603858,
C260603859,
C260603860,S6
C260603861,
C260603862,S6
C260603863,S6
C260603864,
C260603865,
C260603866,S6
C260603867,S6
C260603868,S6
C260603869,
C260603870,S6
C260603871,S6
C260603872,S6
C260603873,
C260603874,
C260603875,
C260603876,
C260603877,S6
C260603878,
C260603879,S6
C260603880,
C260603881,S6
C260603882,S6
C260603883,S6
C260603884,S6
C260603885,S6
C260603886,
C260603887,
C260603888,
C260603889,S6
C260603890,S6
C260603891,
C260603892,S6
C260603893,
C260603894,
C260603895,S6
C260603896,
C260603897,
C260603898,
C260603899,S6
C260603900,
C260603901,
C260603902,
C260603903,S6
C260603904,S6
C260603905,S6
C260603906,S6
C260603907,S6
C260603908,S6
C260603909,S6
C260603910,S6
C260603911,
C260603912,
C260603913,S6
C260603914,S6
C260603915,
C260603916,S6
C260603917,
C260603918,S6
C260603919,
C260603920,
C260603921,
C260603922,S6
C260603923,S6
C260603924,S6
C260603925,
C260603926,S6
C260603927,
C260603928,
C260603929,
C260603930,
C260603931,
C260603932,S6
C260603933,S6
C260603934,
C260603935,S6
C260603936,S6
C260603937,S6
C260603938,
C260603939,
C260603940,
C260603941,
C260603942,S6
C260603943,S6
C260603944,
C260603945,
C260603946,
C260603947,S6
C260603948,
C260603949,S6
C260603950,
C260603951,S6
C260603952,
C260603953,S6
C260603954,
C260603955,
C260603956,
C260603957,
C260603958,S6
C260603959,S6
C260603960,S6
C260603961,S6
C260603962,
C260603963,S6
C260603964,S6
C260603965,
C260603966,
C260603967,S6
C260603968,
C260603969,
C260603970,
C260603971,S6
C260603972,
C260603973,
C260603974,S6
C260603975,S6
C260603976,S6
C260603977,
C260603978,S6
C260603979,
C260603980,
C260603981,
C260603982,
C260603983,S6
C260603984,S6
C260603985,
C260603986,S6
C260603987,
C260603988,
C260603989,S6
C260603990,
C260603991,S6
C260603992,S6
C260603993,S6
C260603994,S6
C260603995,
C260603996,S6
C260603997,S6
C260603998,S6
C260603999,S6
