coil_no,grade,changed_factor,direction
C260603643,IF270_IN,SS,+
C260603473,IF270_IN,SS,+
C260402349,IF270_IN,SS,+
C260402397,IF270_IN,RED,+
C260502764,IF270_IN,RED,+
C260402665,IF270_IN,RED,+
C260502991,IF270_IN,,
C260603865,IF270_IN,,
C260402189,IF340_OUT,SS,-
C260402534,IF340_OUT,SS,-
C260503072,IF340_OUT,SS,-
C260502740,IF340_OUT,CT,+
C260503307,IF340_OUT,CT,+
C260402635,IF340_OUT,CT,+
C260502868,IF340_OUT,,
C260502982,IF340_OUT,,
C260603980,BH340_OUT,SS,+
C260402199,BH340_OUT,SS,+
C260402541,BH340_OUT,SS,+
C260502841,BH340_OUT,CT,-
C260402433,BH340_OUT,CT,-
C260502979,BH340_OUT,CT,-
C260502977,BH340_OUT,,
C260402496,BH340_OUT,,
C260502962,LC340,SPM,+
C260603888,LC340,SPM,+
C260603821,LC340,SPM,+
C260603797,LC340,CT,+
C260503233,LC340,CT,+
C260503168,LC340,CT,+
C260503238,LC340,,
C260603418,LC340,,
C260402592,LC440R,SPM,+
C260503165,LC440R,SPM,+
C260402186,LC440R,SPM,+
C260503051,LC440R,CT,+
C260502709,LC440R,CT,+
C260402647,LC440R,CT,+
C260603990,LC440R,,
C260603938,LC440R,,
C260402451,HSLA590C,CT,+
C260603981,HSLA590C,CT,+
C260503098,HSLA590C,CT,+
C260402401,HSLA590C,SRT,-
C260402509,HSLA590C,SRT,-
C260402615,HSLA590C,SRT,-
C260603487,HSLA590C,,
C260402298,HSLA590C,,
